{
  "users": [
    {
      "username": "test",
      "emalID": "test@persistent.co.in",
      "password": "1234"
    },
    {
      "username": "admin",
      "emalID": "admin@persistent.co.in",
      "password": "1234"
    },
    {
      "username": "user",
      "emalID": "user@persistent.co.in",
      "password": "1234"
    }
  ],
  "capPuzzle": [
    {
      "image": "lion.jpg"
    },
    {
      "image": "elephant.jpg"
    },
    {
      "image": "kangaroo.jpg"
    }
  ]

}
